<Backups xmlns="http://www.microsoft.com/GroupPolicy/GPOOperations/Manifest" xmlns:mfst="http://www.microsoft.com/GroupPolicy/GPOOperations/Manifest" mfst:version="1.0"><BackupInst><GPOGuid><![CDATA[{CB7210AF-6B27-4035-8EDB-0EFE783CBD6A}]]></GPOGuid><GPODomain><![CDATA[ad.testing.se]]></GPODomain><GPODomainGuid><![CDATA[{8406ea9e-28de-4bbb-9c06-55ec427c2ab7}]]></GPODomainGuid><GPODomainController><![CDATA[srv003.ad.testing.se]]></GPODomainController><BackupTime><![CDATA[2022-01-17T14:39:36]]></BackupTime><ID><![CDATA[{E63099D5-44FD-4BD4-91DA-09561397B852}]]></ID><Comment><![CDATA[]]></Comment><GPODisplayName><![CDATA[Admin - Force Defender Passive Mode for Servers]]></GPODisplayName></BackupInst></Backups>