<Backups xmlns="http://www.microsoft.com/GroupPolicy/GPOOperations/Manifest" xmlns:mfst="http://www.microsoft.com/GroupPolicy/GPOOperations/Manifest" mfst:version="1.0"><BackupInst><GPOGuid><![CDATA[{25609d6a-8ab3-45ac-a5a0-a3f56926449a}]]></GPOGuid><GPODomain><![CDATA[ad.testing.se]]></GPODomain><GPODomainGuid><![CDATA[{8406ea9e-28de-4bbb-9c06-55ec427c2ab7}]]></GPODomainGuid><GPODomainController><![CDATA[srv003]]></GPODomainController><BackupTime><![CDATA[2023-01-04T12:47:40]]></BackupTime><ID><![CDATA[{01309CA0-4C3E-4BCC-B188-05770E79B881}]]></ID><Comment><![CDATA[]]></Comment><GPODisplayName><![CDATA[MDI - Allow SAM-R]]></GPODisplayName></BackupInst></Backups>