<BackupInst xmlns="http://www.microsoft.com/GroupPolicy/GPOOperations/Manifest"><GPOGuid><![CDATA[{DD6A93E8-EA00-49D2-B9AC-42672C1F43AA}]]></GPOGuid><GPODomain><![CDATA[ad.testing.se]]></GPODomain><GPODomainGuid><![CDATA[{8406ea9e-28de-4bbb-9c06-55ec427c2ab7}]]></GPODomainGuid><GPODomainController><![CDATA[srv003.ad.testing.se]]></GPODomainController><BackupTime><![CDATA[2022-01-16T13:22:29]]></BackupTime><ID><![CDATA[{950A687B-B221-4DB3-9262-75A9E27FBF53}]]></ID><Comment><![CDATA[]]></Comment><GPODisplayName><![CDATA[Admin - Onboard Defender for Endpoints]]></GPODisplayName></BackupInst>
