<BackupInst xmlns="http://www.microsoft.com/GroupPolicy/GPOOperations/Manifest"><GPOGuid><![CDATA[{bca0758a-f907-4951-806a-2cb5c8b08740}]]></GPOGuid><GPODomain><![CDATA[ad.testing.se]]></GPODomain><GPODomainGuid><![CDATA[{8406ea9e-28de-4bbb-9c06-55ec427c2ab7}]]></GPODomainGuid><GPODomainController><![CDATA[srv003]]></GPODomainController><BackupTime><![CDATA[2023-01-04T12:47:44]]></BackupTime><ID><![CDATA[{83979964-FC8B-4B78-AE15-163A08F28AEB}]]></ID><Comment><![CDATA[]]></Comment><GPODisplayName><![CDATA[MDI - Auditing]]></GPODisplayName></BackupInst>
