<?xml version="1.0" encoding="utf-8"?>
<ScheduledTasks clsid="{CC63F200-7309-4ba0-B154-A71CD118DBCC}"><TaskV2 clsid="{D8896631-B747-47a7-84A6-C155337F3BC8}" name="Onboard Defender for Endpoints" image="2" changed="2022-01-14 11:26:26" uid="{CDF754A7-50AF-4AA1-BA95-30CC7509AFE0}" userContext="0" removePolicy="0"><Properties action="U" name="Onboard Defender for Endpoints" runAs="NT AUTHORITY\System" logonType="S4U"><Task version="1.3"><RegistrationInfo><Author>AD\Administrator</Author><Description></Description></RegistrationInfo><Principals><Principal id="Author"><UserId>NT AUTHORITY\System</UserId><LogonType>S4U</LogonType><RunLevel>HighestAvailable</RunLevel></Principal></Principals><Settings><IdleSettings><Duration>PT5M</Duration><WaitTimeout>PT1H</WaitTimeout><StopOnIdleEnd>false</StopOnIdleEnd><RestartOnIdle>false</RestartOnIdle></IdleSettings><MultipleInstancesPolicy>StopExisting</MultipleInstancesPolicy><DisallowStartIfOnBatteries>false</DisallowStartIfOnBatteries><StopIfGoingOnBatteries>false</StopIfGoingOnBatteries><AllowHardTerminate>false</AllowHardTerminate><AllowStartOnDemand>true</AllowStartOnDemand><Enabled>true</Enabled><Hidden>false</Hidden><ExecutionTimeLimit>PT2H</ExecutionTimeLimit><Priority>7</Priority></Settings><Triggers><BootTrigger><Enabled>true</Enabled><Delay>PT1M</Delay><ExecutionTimeLimit>PT30M</ExecutionTimeLimit></BootTrigger><CalendarTrigger><StartBoundary>2021-02-11T00:00:00</StartBoundary><Enabled>true</Enabled><ScheduleByDay><DaysInterval>1</DaysInterval></ScheduleByDay><RandomDelay>PT30M</RandomDelay><ExecutionTimeLimit>PT2H</ExecutionTimeLimit></CalendarTrigger>
					<CalendarTrigger><StartBoundary>2021-02-11T03:00:00</StartBoundary><Enabled>true</Enabled><ScheduleByDay><DaysInterval>1</DaysInterval></ScheduleByDay><RandomDelay>PT30M</RandomDelay><ExecutionTimeLimit>PT2H</ExecutionTimeLimit></CalendarTrigger>
					<CalendarTrigger><StartBoundary>2021-02-11T06:00:00</StartBoundary><Enabled>true</Enabled><ScheduleByDay><DaysInterval>1</DaysInterval></ScheduleByDay><RandomDelay>PT30M</RandomDelay><ExecutionTimeLimit>PT2H</ExecutionTimeLimit></CalendarTrigger>
					<CalendarTrigger><StartBoundary>2021-02-11T09:00:00</StartBoundary><Enabled>true</Enabled><ScheduleByDay><DaysInterval>1</DaysInterval></ScheduleByDay><RandomDelay>PT30M</RandomDelay><ExecutionTimeLimit>PT2H</ExecutionTimeLimit></CalendarTrigger>
					<CalendarTrigger><StartBoundary>2021-02-11T12:00:00</StartBoundary><Enabled>true</Enabled><ScheduleByDay><DaysInterval>1</DaysInterval></ScheduleByDay><RandomDelay>PT30M</RandomDelay><ExecutionTimeLimit>PT2H</ExecutionTimeLimit></CalendarTrigger>
					<CalendarTrigger><StartBoundary>2022-01-14T15:00:00</StartBoundary><Enabled>true</Enabled><ScheduleByDay><DaysInterval>1</DaysInterval></ScheduleByDay><RandomDelay>PT30M</RandomDelay><ExecutionTimeLimit>PT2H</ExecutionTimeLimit></CalendarTrigger>
					<CalendarTrigger><StartBoundary>2022-01-14T18:00:00</StartBoundary><Enabled>true</Enabled><ScheduleByDay><DaysInterval>1</DaysInterval></ScheduleByDay><RandomDelay>PT30M</RandomDelay><ExecutionTimeLimit>PT2H</ExecutionTimeLimit></CalendarTrigger>
					<CalendarTrigger><StartBoundary>2022-01-14T21:00:00</StartBoundary><Enabled>true</Enabled><ScheduleByDay><DaysInterval>1</DaysInterval></ScheduleByDay><RandomDelay>PT30M</RandomDelay><ExecutionTimeLimit>PT2H</ExecutionTimeLimit></CalendarTrigger>
				</Triggers><Actions Context="Author"><Exec><Command>C:\Windows\System32\WindowsPowerShell\v1.0\powershell.exe</Command><Arguments>-ExecutionPolicy ByPass -NoLogo -NonInteractive -File "\\domain.name\NETLOGON\Onboard-WindowsDefenderEndpoints\Onboard-DefenderATP.ps1"</Arguments></Exec>
				</Actions></Task></Properties></TaskV2>
</ScheduledTasks>
